instance_id,claim_id,tests_model,claims_model,status,discriminative,classification,attempts,bug,gold,failure_reason,timestamp,slurm_job_id
sympy__sympy-18057,C2,hugging-quants/Meta-Llama-3.1-70B-Instruct-AWQ-INT4,Qwen/Qwen2.5-72B-Instruct-AWQ,success,True,VALID,2,FAIL,PASS,,2026-03-04T07:52:21.537893,6330883
26-02-18T13:38:47.161279,6282709,,,,,,,,,,,
astropy__astropy-7746,C1,Qwen/Qwen2.5-Coder-32B-Instruct-AWQ,Qwen/Qwen2.5-Coder-32B-Instruct-AWQ,success,True,VALID,2,FAIL,PASS,,2026-02-18T13:05:23.211768,6282707
django__django-14997,C1,Qwen/Qwen2.5-Coder-32B-Instruct-AWQ,Qwen/Qwen2.5-Coder-32B-Instruct-AWQ,failed,False,UNRESOLVED,3,ERROR,ERROR,Classification: UNRESOLVED,2026-02-18T13:15:03.907365,6282710
psf__requests-2148,C1,Qwen/Qwen2.5-Coder-32B-Instruct-AWQ,Qwen/Qwen2.5-Coder-32B-Instruct-AWQ,success,True,VALID,2,FAIL,PASS,,2026-02-18T13:16:24.698800,6282713
pylint-dev__pylint-5859,C1,Qwen/Qwen2.5-Coder-32B-Instruct-AWQ,Qwen/Qwen2.5-Coder-32B-Instruct-AWQ,failed,False,UNRESOLVED,3,ERROR,ERROR,Classification: UNRESOLVED,2026-02-18T13:21:38.349588,6282714
pylint-dev__pylint-6506,C1,Qwen/Qwen2.5-Coder-32B-Instruct-AWQ,Qwen/Qwen2.5-Coder-32B-Instruct-AWQ,failed,False,OVERCONSTRAINED,1,FAIL,FAIL,Classification: OVERCONSTRAINED,2026-02-15T14:29:42.075878,unknown
pylint-dev__pylint-7114,C1,Qwen/Qwen2.5-Coder-32B-Instruct-AWQ,Qwen/Qwen2.5-Coder-32B-Instruct-AWQ,failed,False,OVERCONSTRAINED,10,FAIL,FAIL,Classification: OVERCONSTRAINED,2026-02-18T13:41:07.606981,6282716
pytest-dev__pytest-5413,C1,Qwen/Qwen2.5-Coder-32B-Instruct-AWQ,Qwen/Qwen2.5-Coder-32B-Instruct-AWQ,failed,False,OVERCONSTRAINED,10,FAIL,FAIL,Classification: OVERCONSTRAINED,2026-02-18T13:29:13.498221,6282717
pytest-dev__pytest-7168,C1,Qwen/Qwen2.5-Coder-32B-Instruct-AWQ,Qwen/Qwen2.5-Coder-32B-Instruct-AWQ,failed,False,OVERCONSTRAINED,6,FAIL,FAIL,Classification: OVERCONSTRAINED,2026-02-18T13:34:21.944258,6282718
pytest-dev__pytest-8365,C1,Qwen/Qwen2.5-Coder-32B-Instruct-AWQ,Qwen/Qwen2.5-Coder-32B-Instruct-AWQ,non_discriminative,False,NON_DISCRIMINATIVE,2,PASS,PASS,Test does not discriminate between bug and gold,2026-02-18T13:34:21.893313,6282719
sympy__sympy-17630,C1,Qwen/Qwen2.5-Coder-32B-Instruct-AWQ,Qwen/Qwen2.5-Coder-32B-Instruct-AWQ,no_attempts,False,N/A,0,N/A,N/A,No attempts recorded,2026-02-15T14:29:42.167714,unknown
sympy__sympy-17655,C1,Qwen/Qwen2.5-Coder-32B-Instruct-AWQ,Qwen/Qwen2.5-Coder-32B-Instruct-AWQ,failed,False,OVERCONSTRAINED,10,FAIL,FAIL,Classification: OVERCONSTRAINED,2026-02-18T13:53:06.097184,6282723
sympy__sympy-18057,C1,Qwen/Qwen2.5-Coder-32B-Instruct-AWQ,Qwen/Qwen2.5-Coder-32B-Instruct-AWQ,failed,False,OVERCONSTRAINED,10,FAIL,FAIL,Classification: OVERCONSTRAINED,2026-02-18T13:48:54.704037,6282724
astropy__astropy-7746,C1,deepseek-ai/DeepSeek-Coder-V2-Lite-Instruct,Qwen/Qwen2.5-Coder-32B-Instruct-AWQ,failed,False,OVERCONSTRAINED,10,FAIL,FAIL,Classification: OVERCONSTRAINED,2026-02-16T17:55:22.561672,6274417
psf__requests-2148,C1,deepseek-ai/DeepSeek-Coder-V2-Lite-Instruct,Qwen/Qwen2.5-Coder-32B-Instruct-AWQ,failed,False,OVERCONSTRAINED,10,FAIL,FAIL,Classification: OVERCONSTRAINED,2026-02-16T18:32:01.605665,6274491
pytest-dev__pytest-5413,C1,hugging-quants/Meta-Llama-3.1-70B-Instruct-AWQ-INT4,Qwen/Qwen2.5-Coder-32B-Instruct-AWQ,non_discriminative,False,NON_DISCRIMINATIVE,1,PASS,PASS,Test does not discriminate between bug and gold,2026-02-18T19:14:03.538423,6283072
pytest-dev__pytest-5413,C1,hugging-quants/Meta-Llama-3.1-70B-Instruct-AWQ-INT4,hugging-quants/Meta-Llama-3.1-70B-Instruct-AWQ-INT4,non_discriminative,False,NON_DISCRIMINATIVE,1,PASS,PASS,Test does not discriminate between bug and gold,2026-02-18T21:26:58.597188,6283206
psf__requests-2148,C1,hugging-quants/Meta-Llama-3.1-70B-Instruct-AWQ-INT4,hugging-quants/Meta-Llama-3.1-70B-Instruct-AWQ-INT4,non_discriminative,False,NON_DISCRIMINATIVE,2,PASS,PASS,Test does not discriminate between bug and gold,2026-02-18T20:47:59.099891,6283198
astropy__astropy-7746,C1,hugging-quants/Meta-Llama-3.1-70B-Instruct-AWQ-INT4,hugging-quants/Meta-Llama-3.1-70B-Instruct-AWQ-INT4,success,True,VALID,6,FAIL,PASS,,2026-02-18T20:07:27.429562,6283189
pylint-dev__pylint-7114,C1,hugging-quants/Meta-Llama-3.1-70B-Instruct-AWQ-INT4,hugging-quants/Meta-Llama-3.1-70B-Instruct-AWQ-INT4,non_discriminative,False,NON_DISCRIMINATIVE,4,PASS,PASS,Test does not discriminate between bug and gold,2026-02-18T21:24:09.499725,6283203
pytest-dev__pytest-8365,C1,hugging-quants/Meta-Llama-3.1-70B-Instruct-AWQ-INT4,hugging-quants/Meta-Llama-3.1-70B-Instruct-AWQ-INT4,non_discriminative,False,NON_DISCRIMINATIVE,2,PASS,PASS,Test does not discriminate between bug and gold,2026-02-18T21:29:53.930815,6283210
pylint-dev__pylint-5859,C1,hugging-quants/Meta-Llama-3.1-70B-Instruct-AWQ-INT4,hugging-quants/Meta-Llama-3.1-70B-Instruct-AWQ-INT4,failed,False,OVERCONSTRAINED,10,FAIL,FAIL,Classification: OVERCONSTRAINED,2026-02-18T21:08:45.005836,6283199
pylint-dev__pylint-6506,C1,hugging-quants/Meta-Llama-3.1-70B-Instruct-AWQ-INT4,hugging-quants/Meta-Llama-3.1-70B-Instruct-AWQ-INT4,success,True,VALID,3,FAIL,PASS,,2026-02-18T21:15:11.579504,6283201
pytest-dev__pytest-7168,C1,hugging-quants/Meta-Llama-3.1-70B-Instruct-AWQ-INT4,hugging-quants/Meta-Llama-3.1-70B-Instruct-AWQ-INT4,non_discriminative,False,NON_DISCRIMINATIVE,3,PASS,PASS,Test does not discriminate between bug and gold,2026-02-18T21:29:22.472013,6283208
sympy__sympy-17655,C1,hugging-quants/Meta-Llama-3.1-70B-Instruct-AWQ-INT4,hugging-quants/Meta-Llama-3.1-70B-Instruct-AWQ-INT4,failed,False,OVERCONSTRAINED,10,FAIL,FAIL,Classification: OVERCONSTRAINED,2026-02-18T21:41:39.974502,6283215
django__django-13321,C1,hugging-quants/Meta-Llama-3.1-70B-Instruct-AWQ-INT4,hugging-quants/Meta-Llama-3.1-70B-Instruct-AWQ-INT4,failed,False,OVERCONSTRAINED,10,FAIL,FAIL,Classification: OVERCONSTRAINED,2026-02-18T20:34:23.597550,6283192
sympy__sympy-18057,C1,hugging-quants/Meta-Llama-3.1-70B-Instruct-AWQ-INT4,hugging-quants/Meta-Llama-3.1-70B-Instruct-AWQ-INT4,success,True,VALID,6,FAIL,PASS,,2026-02-18T21:52:03.489972,6283217
scikit-learn__scikit-learn-10508,C1,hugging-quants/Meta-Llama-3.1-70B-Instruct-AWQ-INT4,hugging-quants/Meta-Llama-3.1-70B-Instruct-AWQ-INT4,success,True,VALID,5,FAIL,PASS,,2026-02-18T21:36:49.156690,6283213
django__django-16408,C1,hugging-quants/Meta-Llama-3.1-70B-Instruct-AWQ-INT4,hugging-quants/Meta-Llama-3.1-70B-Instruct-AWQ-INT4,failed,False,OVERCONSTRAINED,10,FAIL,FAIL,Classification: OVERCONSTRAINED,2026-02-18T21:18:05.765496,6283196
django__django-16255,C1,hugging-quants/Meta-Llama-3.1-70B-Instruct-AWQ-INT4,hugging-quants/Meta-Llama-3.1-70B-Instruct-AWQ-INT4,success,True,VALID,2,FAIL,PASS,,2026-02-18T20:44:20.514025,6283194
sympy__sympy-23262,C1,hugging-quants/Meta-Llama-3.1-70B-Instruct-AWQ-INT4,hugging-quants/Meta-Llama-3.1-70B-Instruct-AWQ-INT4,failed,False,OVERCONSTRAINED,10,FAIL,FAIL,Classification: OVERCONSTRAINED,2026-02-18T22:02:57.544587,6283219
django__django-11964,C1,hugging-quants/Meta-Llama-3.1-70B-Instruct-AWQ-INT4,hugging-quants/Meta-Llama-3.1-70B-Instruct-AWQ-INT4,failed,False,UNRESOLVED,10,ERROR,ERROR,Classification: UNRESOLVED,2026-02-18T20:37:09.379508,6283190
django__django-16255,C1,Qwen/Qwen2.5-Coder-32B-Instruct-AWQ,Qwen/Qwen2.5-Coder-32B-Instruct-AWQ,success,True,VALID,2,FAIL,PASS,,2026-02-18T13:13:01.507362,6282711
django__django-16408,C1,Qwen/Qwen2.5-Coder-32B-Instruct-AWQ,Qwen/Qwen2.5-Coder-32B-Instruct-AWQ,failed,False,UNRESOLVED,10,ERROR,ERROR,Classification: UNRESOLVED,2026-02-18T13:41:56.385436,6282712
scikit-learn__scikit-learn-10508,C1,Qwen/Qwen2.5-Coder-32B-Instruct-AWQ,Qwen/Qwen2.5-Coder-32B-Instruct-AWQ,failed,False,INVERTED,10,PASS,FAIL,Classification: INVERTED,2026-02-18T13:45:23.135151,6282720
sympy__sympy-23262,C1,Qwen/Qwen2.5-Coder-32B-Instruct-AWQ,Qwen/Qwen2.5-Coder-32B-Instruct-AWQ,success,True,VALID,8,FAIL,PASS,,2026-02-18T13:56:18.101953,6282725
astropy__astropy-7746,C1,hugging-quants/Meta-Llama-3.1-70B-Instruct-AWQ-INT4,Qwen/Qwen2.5-Coder-32B-Instruct-AWQ,success,True,VALID,2,FAIL,PASS,,2026-02-18T17:49:48.947809,6283060
psf__requests-2148,C1,hugging-quants/Meta-Llama-3.1-70B-Instruct-AWQ-INT4,Qwen/Qwen2.5-Coder-32B-Instruct-AWQ,non_discriminative,False,NON_DISCRIMINATIVE,2,PASS,PASS,Test does not discriminate between bug and gold,2026-02-18T18:34:16.401235,6283066
django__django-14997,C1,hugging-quants/Meta-Llama-3.1-70B-Instruct-AWQ-INT4,Qwen/Qwen2.5-Coder-32B-Instruct-AWQ,failed,False,UNRESOLVED,10,ERROR,ERROR,Classification: UNRESOLVED,2026-02-18T18:30:31.061900,6283063
pylint-dev__pylint-5859,C1,hugging-quants/Meta-Llama-3.1-70B-Instruct-AWQ-INT4,Qwen/Qwen2.5-Coder-32B-Instruct-AWQ,failed,False,OVERCONSTRAINED,10,FAIL,FAIL,Classification: OVERCONSTRAINED,2026-02-18T18:54:35.764748,6283067
pylint-dev__pylint-6506,C1,hugging-quants/Meta-Llama-3.1-70B-Instruct-AWQ-INT4,Qwen/Qwen2.5-Coder-32B-Instruct-AWQ,failed,False,OVERCONSTRAINED,5,FAIL,FAIL,Classification: OVERCONSTRAINED,2026-02-18T19:06:15.970101,6283068
django__django-13321,C1,hugging-quants/Meta-Llama-3.1-70B-Instruct-AWQ-INT4,Qwen/Qwen2.5-Coder-32B-Instruct-AWQ,failed,False,OVERCONSTRAINED,10,FAIL,FAIL,Classification: OVERCONSTRAINED,2026-02-18T18:26:17.997896,6283062
pytest-dev__pytest-7168,C1,hugging-quants/Meta-Llama-3.1-70B-Instruct-AWQ-INT4,Qwen/Qwen2.5-Coder-32B-Instruct-AWQ,failed,False,OVERCONSTRAINED,3,FAIL,FAIL,Classification: OVERCONSTRAINED,2026-02-18T19:17:42.923636,6283073
django__django-16408,C1,hugging-quants/Meta-Llama-3.1-70B-Instruct-AWQ-INT4,Qwen/Qwen2.5-Coder-32B-Instruct-AWQ,failed,False,UNRESOLVED,10,ERROR,ERROR,Classification: UNRESOLVED,2026-02-18T19:11:00.661153,6283065
pytest-dev__pytest-8365,C1,hugging-quants/Meta-Llama-3.1-70B-Instruct-AWQ-INT4,Qwen/Qwen2.5-Coder-32B-Instruct-AWQ,non_discriminative,False,NON_DISCRIMINATIVE,2,PASS,PASS,Test does not discriminate between bug and gold,2026-02-18T19:20:29.803687,6283074
scikit-learn__scikit-learn-10508,C1,hugging-quants/Meta-Llama-3.1-70B-Instruct-AWQ-INT4,Qwen/Qwen2.5-Coder-32B-Instruct-AWQ,success,True,VALID,3,FAIL,PASS,,2026-02-18T19:25:22.316276,6283075
django__django-16255,C1,hugging-quants/Meta-Llama-3.1-70B-Instruct-AWQ-INT4,Qwen/Qwen2.5-Coder-32B-Instruct-AWQ,failed,False,UNRESOLVED,10,ERROR,ERROR,Classification: UNRESOLVED,2026-02-18T19:06:04.996082,6283064
sympy__sympy-18057,C1,hugging-quants/Meta-Llama-3.1-70B-Instruct-AWQ-INT4,Qwen/Qwen2.5-Coder-32B-Instruct-AWQ,success,True,VALID,4,FAIL,PASS,,2026-02-18T19:33:52.961502,6283078
pylint-dev__pylint-7114,C1,hugging-quants/Meta-Llama-3.1-70B-Instruct-AWQ-INT4,Qwen/Qwen2.5-Coder-32B-Instruct-AWQ,failed,False,UNRESOLVED,10,ERROR,ERROR,Classification: UNRESOLVED,2026-02-18T19:27:43.088955,6283070
sympy__sympy-17655,C1,hugging-quants/Meta-Llama-3.1-70B-Instruct-AWQ-INT4,Qwen/Qwen2.5-Coder-32B-Instruct-AWQ,failed,False,OVERCONSTRAINED,10,FAIL,FAIL,Classification: OVERCONSTRAINED,2026-02-18T19:44:44.516796,6283077
sympy__sympy-23262,C1,hugging-quants/Meta-Llama-3.1-70B-Instruct-AWQ-INT4,Qwen/Qwen2.5-Coder-32B-Instruct-AWQ,failed,False,OVERCONSTRAINED,10,FAIL,FAIL,Classification: OVERCONSTRAINED,2026-02-18T19:52:55.080089,6283081
pylint-dev__pylint-6506,C2,hugging-quants/Meta-Llama-3.1-70B-Instruct-AWQ-INT4,Qwen/Qwen2.5-Coder-32B-Instruct-AWQ,failed,False,OVERCONSTRAINED,10,FAIL,FAIL,Classification: OVERCONSTRAINED,2026-02-18T19:24:50.925937,6283069
scikit-learn__scikit-learn-10508,C2,hugging-quants/Meta-Llama-3.1-70B-Instruct-AWQ-INT4,Qwen/Qwen2.5-Coder-32B-Instruct-AWQ,success,True,VALID,1,FAIL,PASS,,2026-02-18T19:28:36.438050,6283076
pylint-dev__pylint-7114,C2,hugging-quants/Meta-Llama-3.1-70B-Instruct-AWQ-INT4,Qwen/Qwen2.5-Coder-32B-Instruct-AWQ,failed,False,UNRESOLVED,10,ERROR,ERROR,Classification: UNRESOLVED,2026-02-18T19:29:06.699013,6283071
sympy__sympy-18057,C3,hugging-quants/Meta-Llama-3.1-70B-Instruct-AWQ-INT4,Qwen/Qwen2.5-Coder-32B-Instruct-AWQ,success,True,VALID,2,FAIL,PASS,,2026-02-18T19:33:17.037989,6283080
sympy__sympy-18057,C2,hugging-quants/Meta-Llama-3.1-70B-Instruct-AWQ-INT4,Qwen/Qwen2.5-Coder-32B-Instruct-AWQ,success,True,VALID,4,FAIL,PASS,,2026-02-18T19:33:36.317340,6283079
django__django-11964,C2,hugging-quants/Meta-Llama-3.1-70B-Instruct-AWQ-INT4,hugging-quants/Meta-Llama-3.1-70B-Instruct-AWQ-INT4,failed,False,UNRESOLVED,10,ERROR,ERROR,Classification: UNRESOLVED,2026-02-18T20:35:33.392895,6283191
django__django-16255,C2,hugging-quants/Meta-Llama-3.1-70B-Instruct-AWQ-INT4,hugging-quants/Meta-Llama-3.1-70B-Instruct-AWQ-INT4,success,True,VALID,2,FAIL,PASS,,2026-02-18T20:44:39.977379,6283195
django__django-13321,C2,hugging-quants/Meta-Llama-3.1-70B-Instruct-AWQ-INT4,hugging-quants/Meta-Llama-3.1-70B-Instruct-AWQ-INT4,failed,False,OVERCONSTRAINED,10,FAIL,FAIL,Classification: OVERCONSTRAINED,2026-02-18T20:47:16.098933,6283193
pylint-dev__pylint-5859,C2,hugging-quants/Meta-Llama-3.1-70B-Instruct-AWQ-INT4,hugging-quants/Meta-Llama-3.1-70B-Instruct-AWQ-INT4,failed,False,OVERCONSTRAINED,10,FAIL,FAIL,Classification: OVERCONSTRAINED,2026-02-18T21:07:26.103329,6283200
pylint-dev__pylint-6506,C2,hugging-quants/Meta-Llama-3.1-70B-Instruct-AWQ-INT4,hugging-quants/Meta-Llama-3.1-70B-Instruct-AWQ-INT4,success,True,VALID,2,FAIL,PASS,,2026-02-18T21:14:52.703318,6283202
pylint-dev__pylint-7114,C2,hugging-quants/Meta-Llama-3.1-70B-Instruct-AWQ-INT4,hugging-quants/Meta-Llama-3.1-70B-Instruct-AWQ-INT4,non_discriminative,False,NON_DISCRIMINATIVE,4,PASS,PASS,Test does not discriminate between bug and gold,2026-02-18T21:23:40.593378,6283204
django__django-16408,C2,hugging-quants/Meta-Llama-3.1-70B-Instruct-AWQ-INT4,hugging-quants/Meta-Llama-3.1-70B-Instruct-AWQ-INT4,failed,False,OVERCONSTRAINED,10,FAIL,FAIL,Classification: OVERCONSTRAINED,2026-02-18T21:23:56.358792,6283197
pylint-dev__pylint-7114,C3,hugging-quants/Meta-Llama-3.1-70B-Instruct-AWQ-INT4,hugging-quants/Meta-Llama-3.1-70B-Instruct-AWQ-INT4,non_discriminative,False,NON_DISCRIMINATIVE,2,PASS,PASS,Test does not discriminate between bug and gold,2026-02-18T21:24:18.628257,6283205
pytest-dev__pytest-5413,C2,hugging-quants/Meta-Llama-3.1-70B-Instruct-AWQ-INT4,hugging-quants/Meta-Llama-3.1-70B-Instruct-AWQ-INT4,non_discriminative,False,NON_DISCRIMINATIVE,1,PASS,PASS,Test does not discriminate between bug and gold,2026-02-18T21:27:02.380468,6283207
pytest-dev__pytest-7168,C2,hugging-quants/Meta-Llama-3.1-70B-Instruct-AWQ-INT4,hugging-quants/Meta-Llama-3.1-70B-Instruct-AWQ-INT4,failed,False,OVERCONSTRAINED,3,FAIL,FAIL,Classification: OVERCONSTRAINED,2026-02-18T21:28:09.471067,6283209
pytest-dev__pytest-8365,C2,hugging-quants/Meta-Llama-3.1-70B-Instruct-AWQ-INT4,hugging-quants/Meta-Llama-3.1-70B-Instruct-AWQ-INT4,non_discriminative,False,NON_DISCRIMINATIVE,3,PASS,PASS,Test does not discriminate between bug and gold,2026-02-18T21:30:51.036454,6283211
pytest-dev__pytest-8365,C3,hugging-quants/Meta-Llama-3.1-70B-Instruct-AWQ-INT4,hugging-quants/Meta-Llama-3.1-70B-Instruct-AWQ-INT4,non_discriminative,False,NON_DISCRIMINATIVE,2,PASS,PASS,Test does not discriminate between bug and gold,2026-02-18T21:31:09.579285,6283212
scikit-learn__scikit-learn-10508,C2,hugging-quants/Meta-Llama-3.1-70B-Instruct-AWQ-INT4,hugging-quants/Meta-Llama-3.1-70B-Instruct-AWQ-INT4,success,True,VALID,5,FAIL,PASS,,2026-02-18T21:36:56.804037,6283214
sympy__sympy-17655,C2,hugging-quants/Meta-Llama-3.1-70B-Instruct-AWQ-INT4,hugging-quants/Meta-Llama-3.1-70B-Instruct-AWQ-INT4,failed,False,OVERCONSTRAINED,10,FAIL,FAIL,Classification: OVERCONSTRAINED,2026-02-18T21:41:59.010380,6283216
sympy__sympy-18057,C2,hugging-quants/Meta-Llama-3.1-70B-Instruct-AWQ-INT4,hugging-quants/Meta-Llama-3.1-70B-Instruct-AWQ-INT4,success,True,VALID,7,FAIL,PASS,,2026-02-18T21:51:56.290717,6283218
sympy__sympy-23262,C2,hugging-quants/Meta-Llama-3.1-70B-Instruct-AWQ-INT4,hugging-quants/Meta-Llama-3.1-70B-Instruct-AWQ-INT4,failed,False,OVERCONSTRAINED,10,FAIL,FAIL,Classification: OVERCONSTRAINED,2026-02-18T22:03:46.987848,6283220
astropy__astropy-7746,C1,Qwen/Qwen2.5-Coder-32B-Instruct-AWQ,hugging-quants/Meta-Llama-3.1-70B-Instruct-AWQ-INT4,failed,False,OVERCONSTRAINED,10,FAIL,FAIL,Classification: OVERCONSTRAINED,2026-02-24T21:01:30.485232,6301216
django__django-11964,C1,Qwen/Qwen2.5-Coder-32B-Instruct-AWQ,hugging-quants/Meta-Llama-3.1-70B-Instruct-AWQ-INT4,failed,False,UNRESOLVED,10,ERROR,ERROR,Classification: UNRESOLVED,2026-02-24T22:51:21.831228,6301217
django__django-11964,C2,Qwen/Qwen2.5-Coder-32B-Instruct-AWQ,hugging-quants/Meta-Llama-3.1-70B-Instruct-AWQ-INT4,failed,False,UNRESOLVED,10,ERROR,ERROR,Classification: UNRESOLVED,2026-02-24T23:31:48.714045,6301218
django__django-16255,C1,Qwen/Qwen2.5-Coder-32B-Instruct-AWQ,hugging-quants/Meta-Llama-3.1-70B-Instruct-AWQ-INT4,success,True,VALID,2,FAIL,PASS,,2026-02-24T23:33:15.206200,6301221
django__django-13321,C2,Qwen/Qwen2.5-Coder-32B-Instruct-AWQ,hugging-quants/Meta-Llama-3.1-70B-Instruct-AWQ-INT4,failed,False,OVERCONSTRAINED,10,FAIL,FAIL,Classification: OVERCONSTRAINED,2026-02-24T23:56:59.819002,6301220
psf__requests-2148,C1,Qwen/Qwen2.5-Coder-32B-Instruct-AWQ,hugging-quants/Meta-Llama-3.1-70B-Instruct-AWQ-INT4,failed,False,OVERCONSTRAINED,10,FAIL,FAIL,Classification: OVERCONSTRAINED,2026-02-25T00:01:02.911339,6301225
django__django-16408,C2,Qwen/Qwen2.5-Coder-32B-Instruct-AWQ,hugging-quants/Meta-Llama-3.1-70B-Instruct-AWQ-INT4,failed,False,UNRESOLVED,10,ERROR,ERROR,Classification: UNRESOLVED,2026-02-25T00:05:29.102033,6301224
pylint-dev__pylint-5859,C1,Qwen/Qwen2.5-Coder-32B-Instruct-AWQ,hugging-quants/Meta-Llama-3.1-70B-Instruct-AWQ-INT4,failed,False,UNRESOLVED,3,ERROR,ERROR,Classification: UNRESOLVED,2026-02-25T00:06:47.132482,6301226
django__django-16408,C1,Qwen/Qwen2.5-Coder-32B-Instruct-AWQ,hugging-quants/Meta-Llama-3.1-70B-Instruct-AWQ-INT4,failed,False,UNRESOLVED,10,ERROR,ERROR,Classification: UNRESOLVED,2026-02-25T00:07:58.388979,6301223
pylint-dev__pylint-6506,C1,Qwen/Qwen2.5-Coder-32B-Instruct-AWQ,hugging-quants/Meta-Llama-3.1-70B-Instruct-AWQ-INT4,success,True,VALID,1,FAIL,PASS,,2026-02-25T00:09:59.623858,6301228
pylint-dev__pylint-5859,C2,Qwen/Qwen2.5-Coder-32B-Instruct-AWQ,hugging-quants/Meta-Llama-3.1-70B-Instruct-AWQ-INT4,failed,False,UNRESOLVED,3,ERROR,ERROR,Classification: UNRESOLVED,2026-02-25T00:10:32.146996,6301227
pylint-dev__pylint-6506,C2,Qwen/Qwen2.5-Coder-32B-Instruct-AWQ,hugging-quants/Meta-Llama-3.1-70B-Instruct-AWQ-INT4,success,True,VALID,1,FAIL,PASS,,2026-02-25T00:12:03.219155,6301229
pylint-dev__pylint-7114,C1,Qwen/Qwen2.5-Coder-32B-Instruct-AWQ,hugging-quants/Meta-Llama-3.1-70B-Instruct-AWQ-INT4,failed,False,OVERCONSTRAINED,10,FAIL,FAIL,Classification: OVERCONSTRAINED,2026-02-25T00:26:50.675545,6301230
pylint-dev__pylint-7114,C2,Qwen/Qwen2.5-Coder-32B-Instruct-AWQ,hugging-quants/Meta-Llama-3.1-70B-Instruct-AWQ-INT4,failed,False,OVERCONSTRAINED,10,FAIL,FAIL,Classification: OVERCONSTRAINED,2026-02-25T00:26:51.434245,6301231
pylint-dev__pylint-7114,C3,Qwen/Qwen2.5-Coder-32B-Instruct-AWQ,hugging-quants/Meta-Llama-3.1-70B-Instruct-AWQ-INT4,failed,False,OVERCONSTRAINED,10,FAIL,FAIL,Classification: OVERCONSTRAINED,2026-02-25T00:30:17.583788,6301232
pytest-dev__pytest-5413,C2,Qwen/Qwen2.5-Coder-32B-Instruct-AWQ,hugging-quants/Meta-Llama-3.1-70B-Instruct-AWQ-INT4,non_discriminative,False,NON_DISCRIMINATIVE,1,PASS,PASS,Test does not discriminate between bug and gold,2026-02-25T00:30:20.192381,6301234
pytest-dev__pytest-5413,C1,Qwen/Qwen2.5-Coder-32B-Instruct-AWQ,hugging-quants/Meta-Llama-3.1-70B-Instruct-AWQ-INT4,non_discriminative,False,NON_DISCRIMINATIVE,1,PASS,PASS,Test does not discriminate between bug and gold,2026-02-25T00:30:21.432660,6301233
pytest-dev__pytest-8365,C1,Qwen/Qwen2.5-Coder-32B-Instruct-AWQ,hugging-quants/Meta-Llama-3.1-70B-Instruct-AWQ-INT4,failed,False,UNRESOLVED,3,ERROR,ERROR,Classification: UNRESOLVED,2026-02-25T00:33:30.884125,6301237
pytest-dev__pytest-7168,C2,Qwen/Qwen2.5-Coder-32B-Instruct-AWQ,hugging-quants/Meta-Llama-3.1-70B-Instruct-AWQ-INT4,non_discriminative,False,NON_DISCRIMINATIVE,3,PASS,PASS,Test does not discriminate between bug and gold,2026-02-25T00:33:45.738502,6301236
pytest-dev__pytest-7168,C1,Qwen/Qwen2.5-Coder-32B-Instruct-AWQ,hugging-quants/Meta-Llama-3.1-70B-Instruct-AWQ-INT4,non_discriminative,False,NON_DISCRIMINATIVE,2,PASS,PASS,Test does not discriminate between bug and gold,2026-02-25T00:33:46.706154,6301235
pytest-dev__pytest-8365,C2,Qwen/Qwen2.5-Coder-32B-Instruct-AWQ,hugging-quants/Meta-Llama-3.1-70B-Instruct-AWQ-INT4,failed,False,UNRESOLVED,6,ERROR,ERROR,Classification: UNRESOLVED,2026-02-25T00:38:07.877050,6301238
pytest-dev__pytest-8365,C3,Qwen/Qwen2.5-Coder-32B-Instruct-AWQ,hugging-quants/Meta-Llama-3.1-70B-Instruct-AWQ-INT4,failed,False,UNRESOLVED,10,ERROR,ERROR,Classification: UNRESOLVED,2026-02-25T00:39:53.604110,6301239
sympy__sympy-17655,C1,Qwen/Qwen2.5-Coder-32B-Instruct-AWQ,hugging-quants/Meta-Llama-3.1-70B-Instruct-AWQ-INT4,failed,False,OVERCONSTRAINED,10,FAIL,FAIL,Classification: OVERCONSTRAINED,2026-02-25T00:48:26.274113,6301242
sympy__sympy-17655,C2,Qwen/Qwen2.5-Coder-32B-Instruct-AWQ,hugging-quants/Meta-Llama-3.1-70B-Instruct-AWQ-INT4,failed,False,OVERCONSTRAINED,10,FAIL,FAIL,Classification: OVERCONSTRAINED,2026-02-25T00:49:12.565061,6301243
scikit-learn__scikit-learn-10508,C2,Qwen/Qwen2.5-Coder-32B-Instruct-AWQ,hugging-quants/Meta-Llama-3.1-70B-Instruct-AWQ-INT4,failed,False,OVERCONSTRAINED,10,FAIL,FAIL,Classification: OVERCONSTRAINED,2026-02-25T00:50:45.729861,6301241
sympy__sympy-18057,C2,Qwen/Qwen2.5-Coder-32B-Instruct-AWQ,hugging-quants/Meta-Llama-3.1-70B-Instruct-AWQ-INT4,success,True,VALID,1,FAIL,PASS,,2026-02-25T00:52:25.205843,6301245
sympy__sympy-18057,C1,Qwen/Qwen2.5-Coder-32B-Instruct-AWQ,hugging-quants/Meta-Llama-3.1-70B-Instruct-AWQ-INT4,success,True,VALID,1,FAIL,PASS,,2026-02-25T00:52:28.456696,6301244
sympy__sympy-23262,C1,Qwen/Qwen2.5-Coder-32B-Instruct-AWQ,hugging-quants/Meta-Llama-3.1-70B-Instruct-AWQ-INT4,failed,False,OVERCONSTRAINED,10,FAIL,FAIL,Classification: OVERCONSTRAINED,2026-02-25T01:09:48.153449,6301246
django__django-16255,C2,Qwen/Qwen2.5-Coder-32B-Instruct-AWQ,hugging-quants/Meta-Llama-3.1-70B-Instruct-AWQ-INT4,success,True,VALID,1,FAIL,PASS,,2026-02-25T01:15:27.758783,6301222
sympy__sympy-23262,C2,Qwen/Qwen2.5-Coder-32B-Instruct-AWQ,hugging-quants/Meta-Llama-3.1-70B-Instruct-AWQ-INT4,failed,False,OVERCONSTRAINED,10,FAIL,FAIL,Classification: OVERCONSTRAINED,2026-02-25T01:44:13.578155,6301247
django__django-13321,C1,Qwen/Qwen2.5-Coder-32B-Instruct-AWQ,hugging-quants/Meta-Llama-3.1-70B-Instruct-AWQ-INT4,failed,False,OVERCONSTRAINED,10,FAIL,FAIL,Classification: OVERCONSTRAINED,2026-02-25T01:47:41.017971,6301219
astropy__astropy-7746,C1,Qwen/Qwen2.5-72B-Instruct-AWQ,Qwen/Qwen2.5-72B-Instruct-AWQ,failed,False,OVERCONSTRAINED,10,FAIL,FAIL,Classification: OVERCONSTRAINED,2026-02-27T19:11:41.506562,6312301
django__django-13321,C1,Qwen/Qwen2.5-72B-Instruct-AWQ,Qwen/Qwen2.5-72B-Instruct-AWQ,failed,False,UNRESOLVED,10,ERROR,ERROR,Classification: UNRESOLVED,2026-02-27T19:26:05.247789,6312302
django__django-13321,C2,Qwen/Qwen2.5-72B-Instruct-AWQ,Qwen/Qwen2.5-72B-Instruct-AWQ,failed,False,UNRESOLVED,10,ERROR,ERROR,Classification: UNRESOLVED,2026-02-27T19:48:05.706523,6312303
django__django-14997,C1,Qwen/Qwen2.5-72B-Instruct-AWQ,Qwen/Qwen2.5-72B-Instruct-AWQ,failed,False,UNRESOLVED,10,ERROR,ERROR,Classification: UNRESOLVED,2026-02-27T20:29:07.941478,6312305
django__django-16255,C2,Qwen/Qwen2.5-72B-Instruct-AWQ,Qwen/Qwen2.5-72B-Instruct-AWQ,success,True,VALID,2,FAIL,PASS,,2026-02-27T20:39:08.414239,6312307
pylint-dev__pylint-6506,C2,Qwen/Qwen2.5-72B-Instruct-AWQ,Qwen/Qwen2.5-72B-Instruct-AWQ,failed,False,OVERCONSTRAINED,8,FAIL,FAIL,Classification: OVERCONSTRAINED,2026-02-27T21:01:25.923603,6312312
pylint-dev__pylint-7114,C2,Qwen/Qwen2.5-72B-Instruct-AWQ,Qwen/Qwen2.5-72B-Instruct-AWQ,failed,False,OVERCONSTRAINED,10,FAIL,FAIL,Classification: OVERCONSTRAINED,2026-02-27T21:24:15.812297,6312315
pylint-dev__pylint-7114,C3,Qwen/Qwen2.5-72B-Instruct-AWQ,Qwen/Qwen2.5-72B-Instruct-AWQ,failed,False,OVERCONSTRAINED,10,FAIL,FAIL,Classification: OVERCONSTRAINED,2026-02-27T21:24:17.672029,6312316
pytest-dev__pytest-7168,C1,Qwen/Qwen2.5-72B-Instruct-AWQ,Qwen/Qwen2.5-72B-Instruct-AWQ,non_discriminative,False,NON_DISCRIMINATIVE,3,PASS,PASS,Test does not discriminate between bug and gold,2026-02-27T21:30:23.057869,6312318
pytest-dev__pytest-8365,C1,Qwen/Qwen2.5-72B-Instruct-AWQ,Qwen/Qwen2.5-72B-Instruct-AWQ,success,True,VALID,5,FAIL,PASS,,2026-02-27T21:36:31.021530,6312319
pytest-dev__pytest-8365,C2,Qwen/Qwen2.5-72B-Instruct-AWQ,Qwen/Qwen2.5-72B-Instruct-AWQ,success,True,VALID,6,FAIL,PASS,,2026-02-27T21:36:44.819296,6312324
sympy__sympy-17655,C1,Qwen/Qwen2.5-72B-Instruct-AWQ,Qwen/Qwen2.5-72B-Instruct-AWQ,non_discriminative,False,NON_DISCRIMINATIVE,2,PASS,PASS,Test does not discriminate between bug and gold,2026-02-27T21:40:31.394099,6312326
sympy__sympy-17655,C2,Qwen/Qwen2.5-72B-Instruct-AWQ,Qwen/Qwen2.5-72B-Instruct-AWQ,non_discriminative,False,NON_DISCRIMINATIVE,2,PASS,PASS,Test does not discriminate between bug and gold,2026-02-27T21:43:25.662622,6312327
scikit-learn__scikit-learn-10508,C1,Qwen/Qwen2.5-72B-Instruct-AWQ,Qwen/Qwen2.5-72B-Instruct-AWQ,success,True,VALID,4,FAIL,PASS,,2026-02-27T21:43:49.444312,6312325
sympy__sympy-17655,C3,Qwen/Qwen2.5-72B-Instruct-AWQ,Qwen/Qwen2.5-72B-Instruct-AWQ,non_discriminative,False,NON_DISCRIMINATIVE,2,PASS,PASS,Test does not discriminate between bug and gold,2026-02-27T21:46:34.257870,6312328
sympy__sympy-17655,C4,Qwen/Qwen2.5-72B-Instruct-AWQ,Qwen/Qwen2.5-72B-Instruct-AWQ,non_discriminative,False,NON_DISCRIMINATIVE,2,PASS,PASS,Test does not discriminate between bug and gold,2026-02-27T21:47:38.854962,6312329
sympy__sympy-18057,C1,Qwen/Qwen2.5-72B-Instruct-AWQ,Qwen/Qwen2.5-72B-Instruct-AWQ,success,True,VALID,6,FAIL,PASS,,2026-02-27T21:53:17.465529,6312330
sympy__sympy-18057,C2,Qwen/Qwen2.5-72B-Instruct-AWQ,Qwen/Qwen2.5-72B-Instruct-AWQ,success,True,VALID,6,FAIL,PASS,,2026-02-27T21:53:58.290120,6312331
sympy__sympy-18057,C3,Qwen/Qwen2.5-72B-Instruct-AWQ,Qwen/Qwen2.5-72B-Instruct-AWQ,success,True,VALID,2,FAIL,PASS,,2026-02-27T21:56:48.894296,6312332
sympy__sympy-23262,C1,Qwen/Qwen2.5-72B-Instruct-AWQ,Qwen/Qwen2.5-72B-Instruct-AWQ,success,True,VALID,4,FAIL,PASS,,2026-02-27T22:03:26.677647,6312333
sympy__sympy-23262,C2,Qwen/Qwen2.5-72B-Instruct-AWQ,Qwen/Qwen2.5-72B-Instruct-AWQ,success,True,VALID,3,FAIL,PASS,,2026-02-27T22:03:34.869722,6312334
django__django-16255,C1,Qwen/Qwen2.5-72B-Instruct-AWQ,Qwen/Qwen2.5-72B-Instruct-AWQ,success,True,VALID,1,FAIL,PASS,,2026-02-27T22:10:38.185619,6312306
django__django-16408,C1,Qwen/Qwen2.5-72B-Instruct-AWQ,Qwen/Qwen2.5-72B-Instruct-AWQ,failed,False,UNRESOLVED,10,ERROR,ERROR,Classification: UNRESOLVED,2026-02-27T22:48:17.709888,6312309
psf__requests-2148,C1,Qwen/Qwen2.5-72B-Instruct-AWQ,Qwen/Qwen2.5-Coder-32B-Instruct-AWQ,success,True,VALID,1,FAIL,PASS,,2026-03-03T11:06:37.844640,6323419
django__django-16255,C1,Qwen/Qwen2.5-72B-Instruct-AWQ,Qwen/Qwen2.5-Coder-32B-Instruct-AWQ,success,True,VALID,2,FAIL,PASS,,2026-03-03T11:12:24.236942,6323417
pylint-dev__pylint-5859,C1,Qwen/Qwen2.5-72B-Instruct-AWQ,Qwen/Qwen2.5-Coder-32B-Instruct-AWQ,failed,False,UNRESOLVED,3,ERROR,ERROR,Classification: UNRESOLVED,2026-03-03T11:13:38.441314,6323420
pylint-dev__pylint-6506,C2,Qwen/Qwen2.5-72B-Instruct-AWQ,Qwen/Qwen2.5-Coder-32B-Instruct-AWQ,failed,False,OVERCONSTRAINED,3,FAIL,FAIL,Classification: OVERCONSTRAINED,2026-03-03T11:16:43.815465,6323422
pylint-dev__pylint-6506,C1,Qwen/Qwen2.5-72B-Instruct-AWQ,Qwen/Qwen2.5-Coder-32B-Instruct-AWQ,failed,False,OVERCONSTRAINED,3,FAIL,FAIL,Classification: OVERCONSTRAINED,2026-03-03T11:16:52.047029,6323421
pytest-dev__pytest-5413,C1,Qwen/Qwen2.5-72B-Instruct-AWQ,Qwen/Qwen2.5-Coder-32B-Instruct-AWQ,non_discriminative,False,NON_DISCRIMINATIVE,1,PASS,PASS,Test does not discriminate between bug and gold,2026-03-03T11:17:19.798178,6323425
scikit-learn__scikit-learn-10508,C1,Qwen/Qwen2.5-72B-Instruct-AWQ,Qwen/Qwen2.5-Coder-32B-Instruct-AWQ,failed,False,OVERCONSTRAINED,10,FAIL,FAIL,Classification: OVERCONSTRAINED,2026-03-03T11:31:20.582694,6323428
pylint-dev__pylint-7114,C2,Qwen/Qwen2.5-72B-Instruct-AWQ,Qwen/Qwen2.5-Coder-32B-Instruct-AWQ,failed,False,OVERCONSTRAINED,10,FAIL,FAIL,Classification: OVERCONSTRAINED,2026-03-03T11:33:02.585797,6323424
pylint-dev__pylint-7114,C1,Qwen/Qwen2.5-72B-Instruct-AWQ,Qwen/Qwen2.5-Coder-32B-Instruct-AWQ,failed,False,OVERCONSTRAINED,10,FAIL,FAIL,Classification: OVERCONSTRAINED,2026-03-03T11:33:16.432537,6323423
django__django-13321,C1,Qwen/Qwen2.5-72B-Instruct-AWQ,Qwen/Qwen2.5-Coder-32B-Instruct-AWQ,failed,False,OVERCONSTRAINED,10,FAIL,FAIL,Classification: OVERCONSTRAINED,2026-03-03T11:36:52.834269,6323415
sympy__sympy-17655,C1,Qwen/Qwen2.5-72B-Instruct-AWQ,Qwen/Qwen2.5-Coder-32B-Instruct-AWQ,success,True,VALID,6,FAIL,PASS,,2026-03-03T11:38:15.999768,6323430
sympy__sympy-18057,C1,Qwen/Qwen2.5-72B-Instruct-AWQ,Qwen/Qwen2.5-Coder-32B-Instruct-AWQ,success,True,VALID,6,FAIL,PASS,,2026-03-03T11:39:08.500962,6323431
sympy__sympy-18057,C3,Qwen/Qwen2.5-72B-Instruct-AWQ,Qwen/Qwen2.5-Coder-32B-Instruct-AWQ,success,True,VALID,6,FAIL,PASS,,2026-03-03T11:39:14.406812,6323433
sympy__sympy-18057,C2,Qwen/Qwen2.5-72B-Instruct-AWQ,Qwen/Qwen2.5-Coder-32B-Instruct-AWQ,success,True,VALID,4,FAIL,PASS,,2026-03-03T11:39:25.387183,6323432
django__django-14997,C1,Qwen/Qwen2.5-72B-Instruct-AWQ,Qwen/Qwen2.5-Coder-32B-Instruct-AWQ,failed,False,UNRESOLVED,10,ERROR,ERROR,Classification: UNRESOLVED,2026-03-03T11:43:04.749680,6323416
sympy__sympy-23262,C1,Qwen/Qwen2.5-72B-Instruct-AWQ,Qwen/Qwen2.5-Coder-32B-Instruct-AWQ,failed,False,OVERCONSTRAINED,10,FAIL,FAIL,Classification: OVERCONSTRAINED,2026-03-03T11:57:17.849004,6323434
psf__requests-2148,C1,Qwen/Qwen2.5-72B-Instruct-AWQ,hugging-quants/Meta-Llama-3.1-70B-Instruct-AWQ-INT4,success,True,VALID,2,FAIL,PASS,,2026-03-03T12:06:45.409932,6323971
pylint-dev__pylint-5859,C1,Qwen/Qwen2.5-72B-Instruct-AWQ,hugging-quants/Meta-Llama-3.1-70B-Instruct-AWQ-INT4,failed,False,UNRESOLVED,3,ERROR,ERROR,Classification: UNRESOLVED,2026-03-03T12:11:36.071250,6323972
pylint-dev__pylint-5859,C2,Qwen/Qwen2.5-72B-Instruct-AWQ,hugging-quants/Meta-Llama-3.1-70B-Instruct-AWQ-INT4,failed,False,UNRESOLVED,3,ERROR,ERROR,Classification: UNRESOLVED,2026-03-03T12:13:26.456387,6323973
pylint-dev__pylint-6506,C1,Qwen/Qwen2.5-72B-Instruct-AWQ,hugging-quants/Meta-Llama-3.1-70B-Instruct-AWQ-INT4,success,True,VALID,3,FAIL,PASS,,2026-03-03T12:18:20.744057,6323974
pylint-dev__pylint-6506,C2,Qwen/Qwen2.5-72B-Instruct-AWQ,hugging-quants/Meta-Llama-3.1-70B-Instruct-AWQ-INT4,success,True,VALID,2,FAIL,PASS,,2026-03-03T12:18:34.408433,6323975
pylint-dev__pylint-7114,C1,Qwen/Qwen2.5-72B-Instruct-AWQ,hugging-quants/Meta-Llama-3.1-70B-Instruct-AWQ-INT4,non_discriminative,False,NON_DISCRIMINATIVE,4,PASS,PASS,Test does not discriminate between bug and gold,2026-03-03T12:27:33.256953,6323976
pylint-dev__pylint-7114,C2,Qwen/Qwen2.5-72B-Instruct-AWQ,hugging-quants/Meta-Llama-3.1-70B-Instruct-AWQ-INT4,non_discriminative,False,NON_DISCRIMINATIVE,4,PASS,PASS,Test does not discriminate between bug and gold,2026-03-03T12:27:43.495821,6323977
pytest-dev__pytest-5413,C1,Qwen/Qwen2.5-72B-Instruct-AWQ,hugging-quants/Meta-Llama-3.1-70B-Instruct-AWQ-INT4,non_discriminative,False,NON_DISCRIMINATIVE,1,PASS,PASS,Test does not discriminate between bug and gold,2026-03-03T12:31:31.662973,6323979
pylint-dev__pylint-7114,C3,Qwen/Qwen2.5-72B-Instruct-AWQ,hugging-quants/Meta-Llama-3.1-70B-Instruct-AWQ-INT4,non_discriminative,False,NON_DISCRIMINATIVE,1,PASS,PASS,Test does not discriminate between bug and gold,2026-03-03T12:32:37.445864,6323978
pytest-dev__pytest-5413,C2,Qwen/Qwen2.5-72B-Instruct-AWQ,hugging-quants/Meta-Llama-3.1-70B-Instruct-AWQ-INT4,non_discriminative,False,NON_DISCRIMINATIVE,1,PASS,PASS,Test does not discriminate between bug and gold,2026-03-03T12:34:13.105563,6323980
django__django-11964,C2,Qwen/Qwen2.5-72B-Instruct-AWQ,hugging-quants/Meta-Llama-3.1-70B-Instruct-AWQ-INT4,failed,False,UNRESOLVED,10,ERROR,ERROR,Classification: UNRESOLVED,2026-03-03T12:37:15.014133,6323964
pytest-dev__pytest-7168,C1,Qwen/Qwen2.5-72B-Instruct-AWQ,hugging-quants/Meta-Llama-3.1-70B-Instruct-AWQ-INT4,failed,False,OVERCONSTRAINED,10,FAIL,FAIL,Classification: OVERCONSTRAINED,2026-03-03T12:43:22.127308,6323981
pytest-dev__pytest-7168,C2,Qwen/Qwen2.5-72B-Instruct-AWQ,hugging-quants/Meta-Llama-3.1-70B-Instruct-AWQ-INT4,failed,False,OVERCONSTRAINED,10,FAIL,FAIL,Classification: OVERCONSTRAINED,2026-03-03T12:44:00.650724,6323982
pytest-dev__pytest-8365,C1,Qwen/Qwen2.5-72B-Instruct-AWQ,hugging-quants/Meta-Llama-3.1-70B-Instruct-AWQ-INT4,failed,False,OVERCONSTRAINED,10,FAIL,FAIL,Classification: OVERCONSTRAINED,2026-03-03T12:47:33.070301,6323983
pytest-dev__pytest-8365,C2,Qwen/Qwen2.5-72B-Instruct-AWQ,hugging-quants/Meta-Llama-3.1-70B-Instruct-AWQ-INT4,non_discriminative,False,NON_DISCRIMINATIVE,5,PASS,PASS,Test does not discriminate between bug and gold,2026-03-03T12:48:04.828354,6323984
pytest-dev__pytest-8365,C3,Qwen/Qwen2.5-72B-Instruct-AWQ,hugging-quants/Meta-Llama-3.1-70B-Instruct-AWQ-INT4,non_discriminative,False,NON_DISCRIMINATIVE,4,PASS,PASS,Test does not discriminate between bug and gold,2026-03-03T12:48:28.358526,6323985
django__django-16408,C2,Qwen/Qwen2.5-72B-Instruct-AWQ,hugging-quants/Meta-Llama-3.1-70B-Instruct-AWQ-INT4,failed,False,UNRESOLVED,10,ERROR,ERROR,Classification: UNRESOLVED,2026-03-03T12:50:30.802534,6323970
django__django-16408,C1,Qwen/Qwen2.5-72B-Instruct-AWQ,hugging-quants/Meta-Llama-3.1-70B-Instruct-AWQ-INT4,failed,False,UNRESOLVED,10,ERROR,ERROR,Classification: UNRESOLVED,2026-03-03T12:51:50.018391,6323969
sympy__sympy-17655,C1,Qwen/Qwen2.5-72B-Instruct-AWQ,hugging-quants/Meta-Llama-3.1-70B-Instruct-AWQ-INT4,failed,False,OVERCONSTRAINED,10,FAIL,FAIL,Classification: OVERCONSTRAINED,2026-03-03T12:58:14.578498,6323988
sympy__sympy-18057,C2,Qwen/Qwen2.5-72B-Instruct-AWQ,hugging-quants/Meta-Llama-3.1-70B-Instruct-AWQ-INT4,success,True,VALID,1,FAIL,PASS,,2026-03-03T12:58:44.493249,6323991
sympy__sympy-18057,C1,Qwen/Qwen2.5-72B-Instruct-AWQ,hugging-quants/Meta-Llama-3.1-70B-Instruct-AWQ-INT4,success,True,VALID,2,FAIL,PASS,,2026-03-03T12:59:06.511862,6323990
scikit-learn__scikit-learn-10508,C1,Qwen/Qwen2.5-72B-Instruct-AWQ,hugging-quants/Meta-Llama-3.1-70B-Instruct-AWQ-INT4,failed,False,OVERCONSTRAINED,10,FAIL,FAIL,Classification: OVERCONSTRAINED,2026-03-03T13:02:44.452716,6323986
sympy__sympy-23262,C1,Qwen/Qwen2.5-72B-Instruct-AWQ,hugging-quants/Meta-Llama-3.1-70B-Instruct-AWQ-INT4,failed,False,OVERCONSTRAINED,10,FAIL,FAIL,Classification: OVERCONSTRAINED,2026-03-03T13:24:01.359898,6323992
django__django-13321,C1,Qwen/Qwen2.5-72B-Instruct-AWQ,hugging-quants/Meta-Llama-3.1-70B-Instruct-AWQ-INT4,failed,False,UNRESOLVED,10,ERROR,ERROR,Classification: UNRESOLVED,2026-03-03T13:37:47.214794,6323965
psf__requests-2148,C1,Qwen/Qwen2.5-Coder-32B-Instruct-AWQ,Qwen/Qwen2.5-72B-Instruct-AWQ,success,True,VALID,1,FAIL,PASS,,2026-03-04T06:28:00.035764,6330831
django__django-16255,C2,Qwen/Qwen2.5-Coder-32B-Instruct-AWQ,Qwen/Qwen2.5-72B-Instruct-AWQ,success,True,VALID,1,FAIL,PASS,,2026-03-04T06:30:35.791716,6330829
django__django-16255,C1,Qwen/Qwen2.5-Coder-32B-Instruct-AWQ,Qwen/Qwen2.5-72B-Instruct-AWQ,success,True,VALID,1,FAIL,PASS,,2026-03-04T06:30:36.042282,6330828
pylint-dev__pylint-6506,C1,Qwen/Qwen2.5-Coder-32B-Instruct-AWQ,Qwen/Qwen2.5-72B-Instruct-AWQ,success,True,VALID,2,FAIL,PASS,,2026-03-04T06:32:28.921831,6330832
astropy__astropy-7746,C1,Qwen/Qwen2.5-Coder-32B-Instruct-AWQ,Qwen/Qwen2.5-72B-Instruct-AWQ,success,True,VALID,3,FAIL,PASS,,2026-03-04T06:33:06.288853,6330823
pylint-dev__pylint-6506,C2,Qwen/Qwen2.5-Coder-32B-Instruct-AWQ,Qwen/Qwen2.5-72B-Instruct-AWQ,success,True,VALID,1,FAIL,PASS,,2026-03-04T06:33:49.905028,6330833
pylint-dev__pylint-7114,C1,Qwen/Qwen2.5-Coder-32B-Instruct-AWQ,Qwen/Qwen2.5-72B-Instruct-AWQ,non_discriminative,False,NON_DISCRIMINATIVE,2,PASS,PASS,Test does not discriminate between bug and gold,2026-03-04T06:35:27.035983,6330834
pylint-dev__pylint-7114,C3,Qwen/Qwen2.5-Coder-32B-Instruct-AWQ,Qwen/Qwen2.5-72B-Instruct-AWQ,non_discriminative,False,NON_DISCRIMINATIVE,1,PASS,PASS,Test does not discriminate between bug and gold,2026-03-04T06:36:13.297499,6330836
pylint-dev__pylint-7114,C2,Qwen/Qwen2.5-Coder-32B-Instruct-AWQ,Qwen/Qwen2.5-72B-Instruct-AWQ,non_discriminative,False,NON_DISCRIMINATIVE,1,PASS,PASS,Test does not discriminate between bug and gold,2026-03-04T06:37:08.375347,6330835
pytest-dev__pytest-7168,C1,Qwen/Qwen2.5-Coder-32B-Instruct-AWQ,Qwen/Qwen2.5-72B-Instruct-AWQ,non_discriminative,False,NON_DISCRIMINATIVE,2,PASS,PASS,Test does not discriminate between bug and gold,2026-03-04T06:37:41.664245,6330838
pytest-dev__pytest-5413,C1,Qwen/Qwen2.5-Coder-32B-Instruct-AWQ,Qwen/Qwen2.5-72B-Instruct-AWQ,non_discriminative,False,NON_DISCRIMINATIVE,5,PASS,PASS,Test does not discriminate between bug and gold,2026-03-04T06:37:59.815972,6330837
pytest-dev__pytest-8365,C1,Qwen/Qwen2.5-Coder-32B-Instruct-AWQ,Qwen/Qwen2.5-72B-Instruct-AWQ,non_discriminative,False,NON_DISCRIMINATIVE,2,PASS,PASS,Test does not discriminate between bug and gold,2026-03-04T06:38:26.326753,6330839
pytest-dev__pytest-8365,C2,Qwen/Qwen2.5-Coder-32B-Instruct-AWQ,Qwen/Qwen2.5-72B-Instruct-AWQ,non_discriminative,False,NON_DISCRIMINATIVE,2,PASS,PASS,Test does not discriminate between bug and gold,2026-03-04T06:38:35.966755,6330840
scikit-learn__scikit-learn-10508,C1,Qwen/Qwen2.5-Coder-32B-Instruct-AWQ,Qwen/Qwen2.5-72B-Instruct-AWQ,success,True,VALID,1,FAIL,PASS,,2026-03-04T06:40:32.184764,6330841
sympy__sympy-17655,C3,Qwen/Qwen2.5-Coder-32B-Instruct-AWQ,Qwen/Qwen2.5-72B-Instruct-AWQ,non_discriminative,False,NON_DISCRIMINATIVE,2,PASS,PASS,Test does not discriminate between bug and gold,2026-03-04T06:41:04.120005,6330844
sympy__sympy-17655,C2,Qwen/Qwen2.5-Coder-32B-Instruct-AWQ,Qwen/Qwen2.5-72B-Instruct-AWQ,non_discriminative,False,NON_DISCRIMINATIVE,2,PASS,PASS,Test does not discriminate between bug and gold,2026-03-04T06:41:04.209577,6330843
sympy__sympy-17655,C1,Qwen/Qwen2.5-Coder-32B-Instruct-AWQ,Qwen/Qwen2.5-72B-Instruct-AWQ,non_discriminative,False,NON_DISCRIMINATIVE,2,PASS,PASS,Test does not discriminate between bug and gold,2026-03-04T06:41:15.827433,6330842
sympy__sympy-17655,C4,Qwen/Qwen2.5-Coder-32B-Instruct-AWQ,Qwen/Qwen2.5-72B-Instruct-AWQ,non_discriminative,False,NON_DISCRIMINATIVE,2,PASS,PASS,Test does not discriminate between bug and gold,2026-03-04T06:42:14.892732,6330845
sympy__sympy-18057,C3,Qwen/Qwen2.5-Coder-32B-Instruct-AWQ,Qwen/Qwen2.5-72B-Instruct-AWQ,success,True,VALID,2,FAIL,PASS,,2026-03-04T06:44:05.056457,6330848
sympy__sympy-18057,C2,Qwen/Qwen2.5-Coder-32B-Instruct-AWQ,Qwen/Qwen2.5-72B-Instruct-AWQ,success,True,VALID,2,FAIL,PASS,,2026-03-04T06:44:13.940984,6330847
sympy__sympy-18057,C1,Qwen/Qwen2.5-Coder-32B-Instruct-AWQ,Qwen/Qwen2.5-72B-Instruct-AWQ,success,True,VALID,8,FAIL,PASS,,2026-03-04T06:51:36.517785,6330846
django__django-13321,C1,Qwen/Qwen2.5-Coder-32B-Instruct-AWQ,Qwen/Qwen2.5-72B-Instruct-AWQ,failed,False,OVERCONSTRAINED,10,FAIL,FAIL,Classification: OVERCONSTRAINED,2026-03-04T06:59:47.566368,6330824
django__django-13321,C2,Qwen/Qwen2.5-Coder-32B-Instruct-AWQ,Qwen/Qwen2.5-72B-Instruct-AWQ,failed,False,OVERCONSTRAINED,10,FAIL,FAIL,Classification: OVERCONSTRAINED,2026-03-04T06:59:48.874803,6330825
django__django-13321,C3,Qwen/Qwen2.5-Coder-32B-Instruct-AWQ,Qwen/Qwen2.5-72B-Instruct-AWQ,failed,False,OVERCONSTRAINED,10,FAIL,FAIL,Classification: OVERCONSTRAINED,2026-03-04T06:59:57.157253,6330826
sympy__sympy-23262,C2,Qwen/Qwen2.5-Coder-32B-Instruct-AWQ,Qwen/Qwen2.5-72B-Instruct-AWQ,failed,False,OVERCONSTRAINED,10,FAIL,FAIL,Classification: OVERCONSTRAINED,2026-03-04T07:00:02.211028,6330850
django__django-14997,C1,Qwen/Qwen2.5-Coder-32B-Instruct-AWQ,Qwen/Qwen2.5-72B-Instruct-AWQ,failed,False,UNRESOLVED,10,ERROR,ERROR,Classification: UNRESOLVED,2026-03-04T07:01:42.278500,6330827
psf__requests-2148,C1,hugging-quants/Meta-Llama-3.1-70B-Instruct-AWQ-INT4,Qwen/Qwen2.5-72B-Instruct-AWQ,non_discriminative,False,NON_DISCRIMINATIVE,1,PASS,PASS,Test does not discriminate between bug and gold,2026-03-04T07:17:33.869439,6330867
astropy__astropy-7746,C1,hugging-quants/Meta-Llama-3.1-70B-Instruct-AWQ-INT4,Qwen/Qwen2.5-72B-Instruct-AWQ,success,True,VALID,1,FAIL,PASS,,2026-03-04T07:19:16.125135,6330859
pylint-dev__pylint-6506,C1,hugging-quants/Meta-Llama-3.1-70B-Instruct-AWQ-INT4,Qwen/Qwen2.5-72B-Instruct-AWQ,success,True,VALID,2,FAIL,PASS,,2026-03-04T07:22:31.418045,6330868
pylint-dev__pylint-6506,C2,hugging-quants/Meta-Llama-3.1-70B-Instruct-AWQ-INT4,Qwen/Qwen2.5-72B-Instruct-AWQ,success,True,VALID,2,FAIL,PASS,,2026-03-04T07:22:33.805747,6330869
django__django-16255,C1,hugging-quants/Meta-Llama-3.1-70B-Instruct-AWQ-INT4,Qwen/Qwen2.5-72B-Instruct-AWQ,success,True,VALID,2,FAIL,PASS,,2026-03-04T07:23:22.903614,6330864
django__django-16255,C2,hugging-quants/Meta-Llama-3.1-70B-Instruct-AWQ-INT4,Qwen/Qwen2.5-72B-Instruct-AWQ,success,True,VALID,2,FAIL,PASS,,2026-03-04T07:23:27.431251,6330865
pytest-dev__pytest-5413,C1,hugging-quants/Meta-Llama-3.1-70B-Instruct-AWQ-INT4,Qwen/Qwen2.5-72B-Instruct-AWQ,non_discriminative,False,NON_DISCRIMINATIVE,2,PASS,PASS,Test does not discriminate between bug and gold,2026-03-04T07:28:25.677822,6330873
pytest-dev__pytest-7168,C1,hugging-quants/Meta-Llama-3.1-70B-Instruct-AWQ-INT4,Qwen/Qwen2.5-72B-Instruct-AWQ,failed,False,OVERCONSTRAINED,10,FAIL,FAIL,Classification: OVERCONSTRAINED,2026-03-04T07:35:41.536916,6330874
pytest-dev__pytest-8365,C1,hugging-quants/Meta-Llama-3.1-70B-Instruct-AWQ-INT4,Qwen/Qwen2.5-72B-Instruct-AWQ,failed,False,OVERCONSTRAINED,10,FAIL,FAIL,Classification: OVERCONSTRAINED,2026-03-04T07:38:00.887452,6330875
pytest-dev__pytest-8365,C2,hugging-quants/Meta-Llama-3.1-70B-Instruct-AWQ-INT4,Qwen/Qwen2.5-72B-Instruct-AWQ,failed,False,OVERCONSTRAINED,3,FAIL,FAIL,Classification: OVERCONSTRAINED,2026-03-04T07:41:09.154194,6330876
pylint-dev__pylint-7114,C3,hugging-quants/Meta-Llama-3.1-70B-Instruct-AWQ-INT4,Qwen/Qwen2.5-72B-Instruct-AWQ,failed,False,OVERCONSTRAINED,10,FAIL,FAIL,Classification: OVERCONSTRAINED,2026-03-04T07:41:42.316022,6330872
pylint-dev__pylint-7114,C1,hugging-quants/Meta-Llama-3.1-70B-Instruct-AWQ-INT4,Qwen/Qwen2.5-72B-Instruct-AWQ,failed,False,OVERCONSTRAINED,10,FAIL,FAIL,Classification: OVERCONSTRAINED,2026-03-04T07:41:44.736639,6330870
pylint-dev__pylint-7114,C2,hugging-quants/Meta-Llama-3.1-70B-Instruct-AWQ-INT4,Qwen/Qwen2.5-72B-Instruct-AWQ,failed,False,OVERCONSTRAINED,10,FAIL,FAIL,Classification: OVERCONSTRAINED,2026-03-04T07:42:31.305290,6330871
django__django-13321,C3,hugging-quants/Meta-Llama-3.1-70B-Instruct-AWQ-INT4,Qwen/Qwen2.5-72B-Instruct-AWQ,failed,False,OVERCONSTRAINED,10,FAIL,FAIL,Classification: OVERCONSTRAINED,2026-03-04T07:47:22.507989,6330862
django__django-13321,C1,hugging-quants/Meta-Llama-3.1-70B-Instruct-AWQ-INT4,Qwen/Qwen2.5-72B-Instruct-AWQ,failed,False,OVERCONSTRAINED,10,FAIL,FAIL,Classification: OVERCONSTRAINED,2026-03-04T07:48:32.689158,6330860
django__django-13321,C2,hugging-quants/Meta-Llama-3.1-70B-Instruct-AWQ-INT4,Qwen/Qwen2.5-72B-Instruct-AWQ,failed,False,OVERCONSTRAINED,10,FAIL,FAIL,Classification: OVERCONSTRAINED,2026-03-04T07:48:43.975394,6330861
django__django-14997,C1,hugging-quants/Meta-Llama-3.1-70B-Instruct-AWQ-INT4,Qwen/Qwen2.5-72B-Instruct-AWQ,failed,False,OVERCONSTRAINED,10,FAIL,FAIL,Classification: OVERCONSTRAINED,2026-03-04T07:50:30.432578,6330863
sympy__sympy-17655,C1,hugging-quants/Meta-Llama-3.1-70B-Instruct-AWQ-INT4,Qwen/Qwen2.5-72B-Instruct-AWQ,failed,False,OVERCONSTRAINED,10,FAIL,FAIL,Classification: OVERCONSTRAINED,2026-03-04T07:50:35.392503,6330878
scikit-learn__scikit-learn-10508,C1,hugging-quants/Meta-Llama-3.1-70B-Instruct-AWQ-INT4,Qwen/Qwen2.5-72B-Instruct-AWQ,failed,False,OVERCONSTRAINED,10,FAIL,FAIL,Classification: OVERCONSTRAINED,2026-03-04T07:50:50.041823,6330877
sympy__sympy-18057,C3,hugging-quants/Meta-Llama-3.1-70B-Instruct-AWQ-INT4,Qwen/Qwen2.5-72B-Instruct-AWQ,success,True,VALID,2,FAIL,PASS,,2026-03-04T07:52:21.537458,6330884
sympy__sympy-18057,C1,hugging-quants/Meta-Llama-3.1-70B-Instruct-AWQ-INT4,Qwen/Qwen2.5-72B-Instruct-AWQ,success,True,VALID,4,FAIL,PASS,,2026-03-04T07:52:52.704032,6330882
sympy__sympy-17655,C3,hugging-quants/Meta-Llama-3.1-70B-Instruct-AWQ-INT4,Qwen/Qwen2.5-72B-Instruct-AWQ,failed,False,OVERCONSTRAINED,10,FAIL,FAIL,Classification: OVERCONSTRAINED,2026-03-04T07:53:45.754097,6330880
sympy__sympy-17655,C4,hugging-quants/Meta-Llama-3.1-70B-Instruct-AWQ-INT4,Qwen/Qwen2.5-72B-Instruct-AWQ,failed,False,OVERCONSTRAINED,10,FAIL,FAIL,Classification: OVERCONSTRAINED,2026-03-04T07:53:46.669560,6330881
sympy__sympy-17655,C2,hugging-quants/Meta-Llama-3.1-70B-Instruct-AWQ-INT4,Qwen/Qwen2.5-72B-Instruct-AWQ,failed,False,OVERCONSTRAINED,10,FAIL,FAIL,Classification: OVERCONSTRAINED,2026-03-04T07:56:47.247032,6330879
sympy__sympy-23262,C1,hugging-quants/Meta-Llama-3.1-70B-Instruct-AWQ-INT4,Qwen/Qwen2.5-72B-Instruct-AWQ,failed,False,OVERCONSTRAINED,10,FAIL,FAIL,Classification: OVERCONSTRAINED,2026-03-04T08:07:14.260340,6330885
sympy__sympy-23262,C2,hugging-quants/Meta-Llama-3.1-70B-Instruct-AWQ-INT4,Qwen/Qwen2.5-72B-Instruct-AWQ,failed,False,OVERCONSTRAINED,10,FAIL,FAIL,Classification: OVERCONSTRAINED,2026-03-04T08:09:24.964788,6330886
